molecule_idx,n_basis,regularization,nmape,r2,mae
98677,3355,1e-10,0.2764931314622073,0.9999978543900526,0.0002098680040604
98786,3091,1e-10,0.2868475503167621,0.9999977949599204,0.0002531936696407
107763,3201,1e-10,0.2662369967153593,0.9999980198269566,0.0001669577648185
3278,2497,1e-10,0.3019328147189275,0.9999968055209087,0.0002321959070745
67211,3465,1e-10,0.2752299542473636,0.9999969096850024,0.0002204671780601
92834,3322,1e-10,0.2886507129248853,0.9999977863336432,0.0001678224681636
32460,3025,1e-10,0.2641855019144009,0.9999974712875922,0.0002005114818701
95709,3322,1e-10,0.2431059467413107,0.9999983937274708,0.0001652696402087
84592,3289,1e-10,0.3040173522896425,0.9999967786867756,0.000250506751111
53097,3641,1e-10,0.2395969632629593,0.9999979908567532,0.0001677901740591
87097,3234,1e-10,0.3034101253600721,0.999996960959498,0.000247518203812
19129,2673,1e-10,0.2643143839039478,0.9999979033442729,0.0002180470281538
59732,2882,1e-10,0.2160788802496334,0.9999987053335596,0.0001733099861256
76935,3553,1e-10,0.2602208800597984,0.9999975385678764,0.0002033272669319
1210,2640,1e-10,0.2748342323424119,0.9999973744664236,0.0001880572684992
79507,3377,1e-10,0.2530664314509168,0.9999979319089524,0.0001720193697881
104163,3267,1e-10,0.2543939909827313,0.9999983040648892,0.0002378276884056
26962,3025,1e-10,0.2690614845699312,0.9999975676296172,0.0002576792987747
6155,2882,1e-10,0.2497062831948918,0.999998420580134,0.0001888752165351
40921,2937,1e-10,0.2818644516093915,0.9999970783820292,0.0002215915059288
120748,2585,1e-10,0.2177906629727663,0.99999833832841,0.000293126098409
44670,2794,1e-10,0.2639284102490974,0.9999981695356142,0.0001693356075754
3781,2849,1e-10,0.2719731072506219,0.9999976812945895,0.0001987756921686
17449,2937,1e-10,0.2673627177206286,0.9999973255841986,0.0002109439729895
5802,2794,1e-10,0.2365875058921522,0.9999985906091128,0.0001929385015973
108665,3641,1e-10,0.2481935182729563,0.999998196835097,0.0001381110386849
28520,3201,1e-10,0.2740400311318479,0.9999977456718118,0.0002225615349802
77251,3234,1e-10,0.2626807399749592,0.9999978617778305,0.0002030992916849
29127,3146,1e-10,0.2725391091765808,0.9999979390990856,0.0002192725055167
17313,2882,1e-10,0.2585616344421392,0.9999980797104784,0.0001818849959289
70743,3784,1e-10,0.2859948234525976,0.9999966092933136,0.0001711485747663
75319,3168,1e-10,0.2758238752877585,0.999996878405408,0.0002168206486337
120799,2706,1e-10,0.2308580310743631,0.9999985271225268,0.0002393139601732
39127,3322,1e-10,0.2811538445559555,0.9999974560167868,0.0002553599625675
79275,2970,1e-10,0.2596565334046801,0.9999981173661948,0.0002228929693345
51803,3058,1e-10,0.262516490011621,0.9999984278644862,0.0001616775695396
1052,2376,1e-10,0.2213352837127596,0.9999985935119298,0.000153909202289
74629,3377,1e-10,0.2822074200752499,0.9999973136091248,0.0002162967967485
108867,3641,1e-10,0.2515400134284565,0.999998012938809,0.0001775435293485
84242,3322,1e-10,0.2566631821745699,0.99999793740535,0.000194567250899
97741,3355,1e-10,0.2404538770705736,0.999998446666738,0.0001873655981416
40807,3025,1e-10,0.2662280559406512,0.9999976212728277,0.0001691239071813
51682,3234,1e-10,0.276846444287565,0.9999977545768156,0.0002227182279643
48166,3377,1e-10,0.2877812773596128,0.9999973273898068,0.000177461534095
86627,3289,1e-10,0.2558270938133846,0.9999978816449876,0.0002089358941072
55656,3498,1e-10,0.272872375659483,0.9999978016976404,0.0001906256279313
82993,3289,1e-10,0.2709892530173673,0.999997549602404,0.0002129110141751
112229,3531,1e-10,0.2416914243713452,0.9999984424156624,0.0001963267763822
3976,2585,1e-10,0.2465012326227605,0.9999977864271464,0.0003040111861987
78859,3377,1e-10,0.2475140928572494,0.9999980435159418,0.0001859494791309
120300,2728,1e-10,0.2468370911431371,0.9999976617359888,0.0003062320114396
56618,3322,1e-10,0.2601496066162686,0.9999979962444498,0.0001905493583571
119973,2739,1e-10,0.2306083373998436,0.9999984307788436,0.0002739796375971
75560,3355,1e-10,0.2703821227294874,0.9999978390539424,0.0002196414120757
69413,3201,1e-10,0.2662916810577916,0.9999975986384686,0.0002131043087889
44607,3179,1e-10,0.2766785713725088,0.9999981163555168,0.000205305513356
82988,3322,1e-10,0.2628246938160666,0.9999978190865894,0.0001904098366495
37564,3377,1e-10,0.2882184588944588,0.9999970153167131,0.0002088717441036
45066,3201,1e-10,0.3001244834499762,0.9999968733053995,0.0002269397205307
83671,3234,1e-10,0.2884156444716059,0.99999754058895,0.0002241987259154
33220,3289,1e-10,0.242867312306813,0.9999980749361982,0.0001493284495076
83041,3179,1e-10,0.2860899800690557,0.999997834625069,0.0002113979425878
100395,3377,1e-10,0.2684179987724376,0.9999978263667676,0.000172617488768
114524,3113,1e-10,0.2693504801250285,0.999997579280034,0.0002449415529097
121830,3025,1e-10,0.2779379029911005,0.9999975095327762,0.000231796232851
43455,3234,1e-10,0.264519753220836,0.9999978793161372,0.0002293552586119
85248,3465,1e-10,0.259670093154844,0.9999974723126336,0.0001976560955229
71590,3498,1e-10,0.2783343296691603,0.9999975079672602,0.0002261517172629
32547,3080,1e-10,0.2583956838736115,0.99999743525771,0.0001766642934657
52785,2937,1e-10,0.2755930470311392,0.9999977746655424,0.0001919505549399
45660,3201,1e-10,0.269097722771525,0.9999973162374672,0.0002176467479796
100113,3465,1e-10,0.287507000733634,0.9999968598512,0.000209404189436
76865,3234,1e-10,0.2648852129299295,0.9999977491854216,0.0002309652658706
3919,2387,1e-10,0.2352806746144022,0.9999985269967218,0.0002667744676003
34904,3058,1e-10,0.2887986811137706,0.9999970011495408,0.0002407569929597
24178,3289,1e-10,0.2815606282446181,0.9999975965066764,0.0002033139271779
121897,3289,1e-10,0.2848610921959935,0.999997764148994,0.0001719925079735
25052,2970,1e-10,0.2566982420357463,0.9999980514209904,0.0002410303642055
49934,2970,1e-10,0.2371066141200029,0.999998533568594,0.0002018904882511
1341,2761,1e-10,0.253651159154261,0.9999981466631616,0.0001669038327328
117069,3432,1e-10,0.2722997963682088,0.9999975114251776,0.0001769952751719
22771,3201,1e-10,0.2759571701213773,0.9999975062470406,0.0001761314529047
51882,3674,1e-10,0.2522870719331326,0.999998324829297,0.000163475963657
7949,2761,1e-10,0.2924211301247293,0.999996914799169,0.0001935818560017
15838,3344,1e-10,0.307178115845,0.999996333108596,0.0001765843565823
111589,3355,1e-10,0.2795751540526891,0.9999979879125244,0.0001737116478143
112077,3531,1e-10,0.2719215983696213,0.9999980658385024,0.000199022866112
53371,3465,1e-10,0.2678282500912795,0.9999975509910952,0.0001654585938586
5841,2882,1e-10,0.2626855750351127,0.9999984736437298,0.0001586695920712
35149,3256,1e-10,0.2714371868548196,0.9999967357656832,0.0001846279256242
80224,3003,1e-10,0.2331106027187346,0.9999987124236656,0.000169508470517
6747,2794,1e-10,0.2399799185597531,0.9999985382612546,0.0001967541301447
74996,3465,1e-10,0.2545149465452915,0.9999976313705408,0.0002004590897341
15079,2970,1e-10,0.2754272809655652,0.9999977235051046,0.0002205892673078
51246,3553,1e-10,0.2469519365566925,0.9999980077144096,0.0001873362768262
56306,3377,1e-10,0.2871584555912107,0.9999969734279252,0.000204917269807
37967,3025,1e-10,0.2913097099957659,0.9999963987759064,0.0002238261652875
42234,3168,1e-10,0.2762243136990839,0.9999972999668678,0.0001877703158179
118974,3003,1e-10,0.2768771538974088,0.99999833792333,0.0001751427356599
15980,2640,1e-10,0.2848910436447195,0.9999967991859484,0.0001840265133236
33012,3201,1e-10,0.2899120586292907,0.9999972299812948,0.0001788036186774
49164,3465,1e-10,0.2641312902509229,0.9999978421564268,0.000160372340999
109021,3674,1e-10,0.2553780574244568,0.999998251547502,0.0001665412180019
67775,3432,1e-10,0.2644817568570085,0.9999968390506228,0.000178190324663
79773,3520,1e-10,0.238780828126908,0.9999978201878345,0.0001687008075896
25336,2915,1e-10,0.2331858426406982,0.9999982976854512,0.0002782277183228
123381,2724,1e-10,0.26599115007916,0.9999981108622468,0.0004048527276504
15085,2530,1e-10,0.2857892011556151,0.9999977653128818,0.0001910302171042
16043,2937,1e-10,0.2829105314093267,0.9999969357840932,0.0002384078770343
67004,3146,1e-10,0.2451925771201726,0.9999981097645306,0.0001974894169397
17771,3025,1e-10,0.2709361565741093,0.9999974305931956,0.00019148424648
12565,2882,1e-10,0.2777130885533708,0.9999977753254432,0.00021273584425
91729,3443,1e-10,0.2607931487499587,0.9999983610446238,0.0001802871833837
43810,3234,1e-10,0.2764079129777751,0.9999975514243806,0.0002288352124885
9866,2618,1e-10,0.260372070530691,0.9999980812019492,0.0002118098663822
47768,3322,1e-10,0.2783408013592917,0.9999975402700196,0.0002252685933842
60591,3168,1e-10,0.2697778372982533,0.9999974058017324,0.0002028602144506
114394,3113,1e-10,0.2658237840442101,0.9999977742680428,0.0002135507851888
55630,3410,1e-10,0.2867611104148477,0.9999976786371804,0.0002107951718936
115594,3025,1e-10,0.2606577036054187,0.9999976921777256,0.0002586896610814
35484,3410,1e-10,0.2519033425577137,0.9999979163879,0.000234165177635
106603,3960,1e-10,0.2521173098192407,0.9999974667251764,0.0001820014193076
80414,3344,1e-10,0.2926168085913921,0.9999965157376628,0.0002068911796767
71581,3641,1e-10,0.2790750915540183,0.9999970517897092,0.0002188057012286
62300,3003,1e-10,0.2912072253377613,0.9999976673656948,0.0002201482853439
5152,2849,1e-10,0.2686684052727219,0.9999978281259906,0.0002085170273978
17227,3113,1e-10,0.2779268726098265,0.9999974772674676,0.0002093243858352
55956,3696,1e-10,0.3005074525411227,0.999996330852475,0.0001999449319546
1173,2706,1e-10,0.2530723657752055,0.9999983482055886,0.0002016538290776
13873,2970,1e-10,0.2459425550318425,0.9999983229386112,0.0001925088139564
94181,3410,1e-10,0.272344195175257,0.9999978304012468,0.0002097252550684
76678,3377,1e-10,0.2564208738594279,0.9999974663336076,0.0002368784088603
102737,3498,1e-10,0.2883374080188147,0.9999972562695004,0.0001894730440208
14334,2585,1e-10,0.2513551165474907,0.999997991850472,0.0002027700527052
24137,3289,1e-10,0.2666168030329998,0.9999979111231702,0.0001807082645046
59992,3289,1e-10,0.3084625105007363,0.9999969984924084,0.0001625743146209
71995,3553,1e-10,0.2822337722583324,0.999996977542281,0.0002155050427956
78101,3201,1e-10,0.2790885310679737,0.9999974078687572,0.0002072858579936
13243,2794,1e-10,0.2660710706390513,0.9999979259226676,0.0002253204823827
105740,3322,1e-10,0.2634282924113996,0.9999978665773936,0.000200668661343
110940,3355,1e-10,0.2640150703291037,0.9999981926971396,0.0001920397817098
30720,3289,1e-10,0.2793726334811791,0.9999976882419566,0.0001993515815261
15942,3025,1e-10,0.3100567529715263,0.9999963398021172,0.000212298584128
3875,2618,1e-10,0.3032813009275393,0.9999970143670188,0.00026421232669
104697,3289,1e-10,0.2666960647309658,0.9999978135981298,0.0001640729153729
16514,3201,1e-10,0.3014500020725112,0.9999968664030474,0.0002260306054205
16049,2937,1e-10,0.3123365310208335,0.9999965178964748,0.0002466433393379
81450,3553,1e-10,0.2648151815121234,0.9999974496136856,0.0002102616396842
68340,3432,1e-10,0.237052154471919,0.9999977135937912,0.0001578014803357
92651,3300,1e-10,0.2594215753194453,0.99999831083613,0.0002411361434627
7097,3058,1e-10,0.289874003805418,0.9999971820012354,0.0002181307230818
100114,3377,1e-10,0.2814096271879598,0.999996941457168,0.0002088746722418
97006,3322,1e-10,0.2604256199633235,0.999998030957398,0.0001940095259984
66019,3113,1e-10,0.2818159812937612,0.9999973467858057,0.000211997100817
43073,2970,1e-10,0.2301547289610269,0.9999983759215214,0.0002638664414431
109467,3674,1e-10,0.2767886765850185,0.9999980637988216,0.0001694271267061
4144,2794,1e-10,0.2634398311543096,0.9999980266569716,0.0002362398211912
80448,3080,1e-10,0.2779344135926653,0.999997474907824,0.0001948458089941
40580,3058,1e-10,0.2658801512874427,0.9999979007120596,0.000209830873299
98986,3520,1e-10,0.3025229597438037,0.9999961916647344,0.0001823803056426
49794,3113,1e-10,0.2667231503392809,0.9999977933217724,0.0001953287576581
54427,3520,1e-10,0.2803945923728563,0.9999964429877988,0.0002138218068271
6986,3432,1e-10,0.2863249499454592,0.9999968354156504,0.0001786953569568
48961,3344,1e-10,0.2610643866036947,0.9999973261062196,0.0001725363663118
22721,2904,1e-10,0.2965855195248042,0.9999969091926704,0.0002222905003033
13759,2970,1e-10,0.2803627464186813,0.9999977172804224,0.0002135651052698
122281,2748,1e-10,0.225768279894427,0.9999985604262313,0.0003064577738564
6568,2882,1e-10,0.2545461105702875,0.9999983799477182,0.0001909559753775
103002,3377,1e-10,0.2875450382948532,0.9999968662307404,0.0002217998819198
70185,3036,1e-10,0.2531252460785266,0.999998240197636,0.0002494766745343
110066,3674,1e-10,0.2860828901678038,0.9999977701057868,0.0001614974585349
99860,3322,1e-10,0.2942419023046716,0.9999972713227192,0.0002132596528897
25260,3025,1e-10,0.2651397169231836,0.9999976960944492,0.0002507307567464
11797,2739,1e-10,0.2787525241204512,0.9999979432017964,0.000237077282406
2294,2728,1e-10,0.29137163613029,0.9999961788865508,0.0001907787789459
65039,3113,1e-10,0.2684193952674262,0.999997604630808,0.0002169597853374
98854,3146,1e-10,0.2707597907894929,0.9999976978657412,0.0002386725690213
40830,2937,1e-10,0.2594608180910595,0.9999978401642312,0.0001942054883281
75140,3080,1e-10,0.2721321138702962,0.9999973042590172,0.0001976451790953
61522,3113,1e-10,0.2730065884254317,0.9999970523217204,0.0002113294945309
42495,2849,1e-10,0.2614934326439633,0.9999980322103424,0.0001988790854271
75505,3498,1e-10,0.2370472539782523,0.9999980188429952,0.0002205728267047
99601,3058,1e-10,0.2927579654815427,0.9999973179420786,0.0002496227944049
3175,2904,1e-10,0.2711370896461262,0.9999968790203624,0.0001926512088055
343,2145,1e-10,0.2492035899516951,0.9999983604035648,0.000179792260338
118881,2882,1e-10,0.2441791796099618,0.999998309227909,0.0002016076960961
39311,2761,1e-10,0.2960463953056932,0.9999968346457414,0.0002305727880256
3012,2761,1e-10,0.2669810277214294,0.999997729713556,0.0001909076955372
2597,2178,1e-10,0.266574531523325,0.9999980723078834,0.0002478188071675
99307,3553,1e-10,0.2716249372801557,0.99999731124664,0.0002082876234491
16729,3058,1e-10,0.2498261187599215,0.9999980711139238,0.0002107401278746
6024,3080,1e-10,0.2711161245323229,0.9999971572815473,0.0001638569781025
72711,3432,1e-10,0.2701512599350157,0.9999967410014036,0.0001825152456327
37993,3201,1e-10,0.2841508067688009,0.9999967824369516,0.0002408259109012
67997,3322,1e-10,0.2675337901579631,0.999997586915452,0.0001965671033538
74269,3784,1e-10,0.2690633159613367,0.999996681484943,0.0002132781276956
108732,3113,1e-10,0.2441132342670183,0.9999983248784016,0.0001759022089199
39984,3113,1e-10,0.2697538655276378,0.9999975325269296,0.0001848297702491
19105,2585,1e-10,0.2555093056861901,0.999997962809818,0.0002486575511509
8002,2673,1e-10,0.24248268157194,0.999998346792893,0.0001728338239325
57290,3146,1e-10,0.2690451405095587,0.9999982263909964,0.000201739372632
123138,2803,1e-10,0.2544295352384057,0.9999982586063376,0.0002939601250118
112803,3850,1e-10,0.276438636307785,0.9999980935785426,0.0001591048426322
72807,3168,1e-10,0.2830372540193541,0.99999652883616,0.0002064339814719
39833,3058,1e-10,0.2599515219729154,0.999997819581734,0.0002248343486621
119405,2585,1e-10,0.238403644042177,0.999998041715058,0.0002706349286229
34592,3146,1e-10,0.2778872488278486,0.9999972646020616,0.0002461914964038
92182,3707,1e-10,0.2629774987649539,0.9999981989313036,0.0001929931208023
117210,3113,1e-10,0.2723646710967252,0.9999978689995008,0.0001922051067814
69370,3146,1e-10,0.2595551316780961,0.9999977459787832,0.000240667640691
41536,3234,1e-10,0.2369455119812329,0.999998258523658,0.0002061102508446
80538,3410,1e-10,0.2767776838021506,0.9999977443439912,0.000229811987361
105153,3498,1e-10,0.2726459663093675,0.999997850106617,0.0001929014740573
40953,2882,1e-10,0.2910132767140639,0.9999971112925558,0.0002239448856028
122937,2803,1e-10,0.2609694970566328,0.9999979912462696,0.0003718062483669
62568,3025,1e-10,0.2751337454151968,0.9999974333939377,0.0001809217392153
105909,3201,1e-10,0.2778000457616264,0.999997483208948,0.0001830192032909
30054,3080,1e-10,0.2502291816574101,0.9999977256084568,0.000178124407503
90116,2937,1e-10,0.2328474166842176,0.9999986356828592,0.0001136367365154
18516,3113,1e-10,0.2899719791219516,0.9999971091478006,0.0002245182985901
48740,3432,1e-10,0.2748921275854301,0.999996988334882,0.000158301139877
18162,2882,1e-10,0.2807879413194069,0.9999972556254788,0.0002573557640261
98717,3641,1e-10,0.2782164877212494,0.9999972738696534,0.0001889270633716
91460,3322,1e-10,0.2751795940395692,0.9999980322479924,0.0001813647669718
28101,3025,1e-10,0.277050622617283,0.999997538838134,0.0002468870533474
68982,3289,1e-10,0.2856356445299493,0.9999967037400448,0.0002024739323461
61644,3113,1e-10,0.3027470177640285,0.999996416259705,0.0002196902166528
58178,3520,1e-10,0.2882843700682245,0.9999962445676102,0.0002272088744793
1808,2530,1e-10,0.2916366554545088,0.9999977641298072,0.0002641896680228
61822,3322,1e-10,0.2767607825706812,0.9999974110695932,0.0001949727109107
107967,3553,1e-10,0.3068275392808574,0.999997404708442,0.0001475623049762
53476,3355,1e-10,0.270429204228112,0.9999980446329534,0.0002155889442666
59096,3465,1e-10,0.255326060361441,0.9999976569907733,0.0001864192334666
88982,3674,1e-10,0.2444511917714785,0.9999982020761048,0.0001919398828095
69374,3025,1e-10,0.2629982445134048,0.9999975557031604,0.0002635788332527
94099,3674,1e-10,0.2795541788467914,0.9999976470736166,0.0001719537144698
41041,3058,1e-10,0.2798606201598412,0.9999973299464876,0.0002485574929977
34181,3355,1e-10,0.3116656554762105,0.9999973165826967,0.0002284774020949
48116,3234,1e-10,0.2968082054682363,0.9999974395301512,0.0002082884858004
95659,3322,1e-10,0.2478109956385634,0.9999982383949017,0.0001809747149043
76751,2937,1e-10,0.25185429159482,0.9999979657238576,0.0002148287609435
116309,2937,1e-10,0.2647398061498086,0.9999977503142942,0.000231480706796
1922,2761,1e-10,0.2599302592996418,0.9999978163764996,0.0001952698045141
33263,3289,1e-10,0.246696088996842,0.9999981055523156,0.0001938310375776
90810,3586,1e-10,0.2636680354470873,0.9999981807253284,0.0001807824497588
78125,3432,1e-10,0.2717038215057987,0.9999966228889704,0.0001956334326816
1954,2354,1e-10,0.256747969317032,0.9999983149884928,0.0002177792333781
59141,3377,1e-10,0.2520371836387219,0.999997893431562,0.0001953969961525
5317,2761,1e-10,0.2810421674098052,0.9999975258375166,0.0002054278259066
38681,3377,1e-10,0.2344214920147437,0.9999980078916412,0.0002004850149695
72679,3377,1e-10,0.2814287989926551,0.9999970974492562,0.0002099177462442
89941,3058,1e-10,0.2565780270164245,0.9999981986908276,0.0002366523463202
103309,3498,1e-10,0.2702676770234552,0.9999976834225224,0.0001983300855593
4486,2706,1e-10,0.2624458003273427,0.999998291911641,0.0001883152517117
98938,3377,1e-10,0.2886141252466287,0.999997116644802,0.0001865588152023
31566,2882,1e-10,0.2668325292731237,0.9999976679704676,0.0002077895194535
89883,3168,1e-10,0.2638347697595635,0.9999977137804514,0.0001557882722669
100436,3355,1e-10,0.2477059311394418,0.9999982934856962,0.0002071481531354
41550,2882,1e-10,0.264019734316917,0.9999979908801696,0.0001832419341371
62014,3344,1e-10,0.2789088056695103,0.9999965375611204,0.0001972588288102
35587,3146,1e-10,0.2745795588791616,0.99999716098025,0.0002500157949301
66855,3201,1e-10,0.2710494610901166,0.9999972492915616,0.0002175388423753
8228,2948,1e-10,0.2492678892170025,0.9999985707284638,0.0002245617694523
81435,3036,1e-10,0.2686118745269957,0.9999982557800344,0.0002141811039958
6759,3058,1e-10,0.2646038665338844,0.9999982083498749,0.0002103987533449
111727,3531,1e-10,0.2845181173345232,0.9999978667456896,0.0001895095447312
72955,3201,1e-10,0.2736590877589505,0.9999971554204689,0.0002358057964534
28130,3289,1e-10,0.2758413655886524,0.9999977970863422,0.0001757712726442
91009,3146,1e-10,0.2603298976629112,0.9999979755285564,0.000176904886139
68455,3113,1e-10,0.285335935035068,0.9999973815232862,0.0002188876822312
36729,3146,1e-10,0.2791663982318766,0.999997298669204,0.0002238862152726
61000,3025,1e-10,0.2405271514911169,0.9999981246850814,0.0001849903997164
73869,3465,1e-10,0.2595589703554712,0.9999974711145742,0.0002152763536285
